사건번호,법원,물건종류,용도설명,소재지,감정가(원),최저매각가(원),낙찰가(원),매각기일,유찰횟수,거리(m)
2024타경93840,수원지방법원,아파트,"상가,오피스텔,근린시설",경기도 수원시 영통구 원천동 605 더샵광교레이크시티 104동 26층2604호,405000000,283500000,341281000,2025-09-10,1,24
2025타경1345,수원지방법원,주거용,"상가,오피스텔,근린시설",경기도 수원시 영통구 원천동 605 더샵광교레이크시티 근린생활시설동-1동 지2층비2-25호,1450000000,1015000000,0,2026-04-14,2,24
2025타경52662,수원지방법원,아파트,"연립주택,다세대,빌라",경기도 수원시 영통구 원천동 204-3 나동 2층202호,230000000,230000000,0,2026-04-10,1,230
2024타경2530,수원지방법원,아파트,아파트,경기도 수원시 영통구 원천동 593 광교아이파크 107동 18층1804호,987000000,690900000,799999999,2025-06-16,1,250
2024타경98364,수원지방법원,아파트,아파트,경기도 수원시 영통구 원천동 593 광교아이파크 104동 25층2501호,1340000000,1340000000,0,2026-05-11,1,250
2024타경7290,수원지방법원,아파트,아파트,경기도 수원시 영통구 원천동 548 원천레이크파크아파트 203동 7층703호,408000000,408000000,426000000,2025-05-21,0,414
2024타경79202,수원지방법원,아파트,아파트,경기도 수원시 영통구 원천동 548 원천레이크파크아파트 202동 12층1206호,420000000,420000000,451200000,2025-08-19,0,414
2025타경56486,수원지방법원,아파트,아파트,경기도 수원시 영통구 원천동 548 원천레이크파크아파트 221동 15층1504호,652000000,652000000,0,2026-04-28,1,414
2024타경81083,수원지방법원,아파트,아파트,경기도 수원시 영통구 매탄동 1211 한국아파트 104동 5층508호,600000000,420000000,550100000,2025-08-12,1,451
2025타경916,수원지방법원,아파트,아파트,경기도 수원시 영통구 매탄동 1211 한국아파트 103동 8층803호,612000000,612000000,0,2026-05-06,1,451
2024타경13936,수원지방법원,기타건물,기타,경기도 수원시 영통구 원천동 263-15,23100000,23100000,50010000,2025-10-29,0,645
2023타경13632,수원지방법원,주거용,기타,경기도 수원시 영통구 원천동 246 에이스스마트윙영통지식산업센터 1동 13층1309호,190000000,65170000,82570000,2025-04-28,3,761
2024타경3632,수원지방법원,주거용,근린시설,경기도 수원시 영통구 원천동 246 에이스스마트윙영통지식산업센터 1동 12층1210호,190000000,65170000,102000000,2026-04-10,3,761
2025타경842,수원지방법원,주거용,"상가,오피스텔,근린시설",경기도 수원시 영통구 원천동 246 에이스스마트윙영통지식산업센터 1 11층1125호,182000000,62426000,106800000,2026-04-14,3,761
2024타경6877,수원지방법원,아파트,아파트,경기도 수원시 영통구 매탄동 1217-5 백자아파트 101동 1층112호,462000000,323400000,390100999,2025-08-20,1,780
2024타경9609,수원지방법원,아파트,아파트,경기도 수원시 영통구 원천동 333-3 원천1차삼성아파트 1동 13층1302호,239000000,167300000,206080000,2025-08-29,1,850
2024타경77879,수원지방법원,아파트,아파트,경기도 수원시 영통구 원천동 300-3 신미주아파트 102동 19층1901호,350000000,245000000,260777000,2025-09-26,1,899
2024타경9586,수원지방법원,아파트,"상가,오피스텔,근린시설",경기도 수원시 영통구 원천동 296-6 수원영통아크로파크 12(104동)층1203호,332000000,232400000,259500050,2025-09-24,1,980
2025타경55030,수원지방법원,아파트,오피스텔,경기도 수원시 영통구 원천동 296-6 수원영통아크로파크 3(103동)층303호,305000000,305000000,0,2026-04-22,1,980
2024타경94874,수원지방법원,주거용,근린시설,경기도 수원시 영통구 원천동 552 영통이노플렉스-1단지 1동 11층1-1101호,328000000,229600000,248072000,2025-11-03,1,1060
2023타경85408,수원지방법원,아파트,다세대,경기도 수원시 영통구 매탄동 198-88 198빌 2층201호,333000000,163170000,205500000,2025-10-29,2,1176
2024타경10302,수원지방법원,주거용,"상가,오피스텔,근린시설",경기도 수원시 영통구 원천동 589 광교중흥에스클래스판매시설 지1층비1-133호,730000000,357700000,0,2026-06-09,3,1200
2024타경91196,수원지방법원,아파트,아파트,경기도 수원시 영통구 원천동 589 광교중흥에스클래스 109동 43층4303호,1670000000,1169000000,1714132598,2025-12-08,1,1200
2024타경72911,수원지방법원,아파트,"상가,오피스텔,근린시설",경기도 용인시 기흥구 영덕동 975-5 리써밋타워 12층1205호,147000000,102900000,103024700,2025-08-28,1,1258
2023타경87145,수원지방법원,아파트,"상가,오피스텔,근린시설",경기도 수원시 영통구 원천동 353-15 힐스해피하우스,3455947000,1693414000,2439763000,2025-10-14,2,1265
2024타경94669,수원지방법원,기타건물,단독주택다가구,경기도 수원시 영통구 매탄동 860-3,2413656000,1689559000,0,2026-06-09,2,1288
2024타경93758,수원지방법원,아파트,"연립주택,다세대,빌라",경기도 수원시 영통구 매탄동 209-39 우석연립 3층302호,281000000,137690000,171409972,2026-01-12,2,1320
2024타경72256,수원지방법원,아파트,아파트,경기도 수원시 영통구 원천동 35 원천주공아파트 106동 2층211호,280000000,196000000,261110000,2025-11-12,1,1330
2024타경9869,수원지방법원,기타건물,다가구주택,경기도 수원시 영통구 원천동 406-4,2736527590,1915569000,0,2026-04-29,2,1377
2023타경11919,수원지방법원,기타건물,단독주택다가구,경기도 수원시 영통구 매탄동 407-15,1753189120,1227232000,1240000000,2026-01-07,1,1398
2024타경10029,수원지방법원,주거용,오피스텔,경기도 수원시 영통구 하동 1017-4 포레나광교 40층101동4001호,1150000000,1150000000,0,2026-04-24,1,1403
2024타경86965,수원지방법원,아파트,단독주택,경기도 수원시 영통구 매탄동 407-24,1750414760,857703000,1192600760,2025-09-05,2,1426
2024타경73822,수원지방법원,아파트,아파트,경기도 용인시 기흥구 영덕동 916 영통빌리지 111동 3층301호,697000000,487900000,623800000,2025-06-25,1,1436
2024타경87111,수원지방법원,아파트,아파트,경기도 수원시 영통구 이의동 1370 광교에듀포레 5001동 10층1003호,1090000000,1090000000,1388009999,2026-03-17,0,1451
2024타경12322,수원지방법원,아파트,아파트,경기도 용인시 기흥구 영덕동 969 흥덕마을힐스테이트 707동 10층1004호,800000000,800000000,800011000,2025-07-15,0,1455
2024타경69991,수원지방법원,아파트,아파트,경기도 용인시 기흥구 영덕동 969 흥덕마을힐스테이트 702동 5층504호,760000000,532000000,738200000,2025-05-09,1,1455
2023타경53197,수원지방법원,아파트,아파트,경기도 수원시 영통구 하동 1021 힐스테이트광교 103동 8층803호,1580000000,1106000000,1480300000,2025-10-24,1,1525
2025타경54101,수원지방법원,아파트,아파트,경기도 수원시 영통구 하동 1021 힐스테이트광교 105동 21층2101호,1610000000,1610000000,0,2026-04-29,1,1525
2024타경8217,수원지방법원,주거용,"상가,오피스텔,근린시설",경기도 수원시 영통구 원천동 627 현대테라타워영통 10층비1002호,165000000,80850000,84850000,2025-10-14,2,1563
2025타경1127,수원지방법원,주거용,"상가,오피스텔,근린시설",경기도 수원시 영통구 원천동 627 현대테라타워영통 13층비1317호,151000000,73990000,85190000,2026-04-14,2,1563
2024타경99800,수원지방법원,아파트,아파트,경기도 수원시 영통구 영통동 1166 청명센트레빌 102동 5층503호,692000000,484400000,649999999,2025-12-22,1,1575
2024타경12926,수원지방법원,아파트,아파트,경기도 수원시 영통구 매탄동 810-4 성일아파트 201동 2층201호,212000000,148400000,188999999,2026-01-27,1,1601
2024타경63948,수원지방법원,아파트,아파트,경기도 수원시 영통구 매탄동 810-4 성일아파트 203동 13층1305호,275000000,192500000,254000000,2025-07-02,1,1601
2024타경102171,수원지방법원,아파트,아파트,경기도 수원시 영통구 매탄동 810-2 동남아파트 1동 8층807호,292000000,292000000,0,2026-04-20,1,1618
2024타경85108,수원지방법원,아파트,오피스텔,경기도 수원시 영통구 이의동 1338 광교센트럴푸르지오시티 14층에이동1432호,158000000,110600000,110600000,2025-09-01,1,1633
2024타경96245,수원지방법원,아파트,오피스텔,경기도 수원시 영통구 이의동 1338 광교센트럴푸르지오시티 8층 에이동 867호,148000000,103600000,138595000,2025-11-05,1,1633
2024타경98234,수원지방법원,아파트,오피스텔,경기도 수원시 영통구 이의동 1338 광교센트럴푸르지오시티 11층에이동1121호,155000000,75950000,75950000,2025-12-17,2,1633
2025타경50260,수원지방법원,아파트,오피스텔,경기도 수원시 영통구 이의동 1338 광교센트럴푸르지오시티 5층에이동514호,203000000,142100000,194250000,2026-03-11,1,1633
2024타경64293,수원지방법원,아파트,아파트,경기도 수원시 영통구 하동 1019 광교더샵레이크파크 102동 31층3105호,974000000,681800000,865000000,2025-05-28,1,1692
2025타경51089,수원지방법원,아파트,"상가,오피스텔,근린시설",경기도 수원시 영통구 하동 1019 광교더샵레이크파크 102동 5층501호,550000000,550000000,0,2026-04-29,0,1692
2024타경56674,수원지방법원,아파트,오피스텔,경기도 수원시 영통구 이의동 1336-1 광교엘포트아이파크 15층비1534호,205000000,70315000,70707070,2025-04-29,3,1693
2024타경64170,수원지방법원,아파트,"상가,오피스텔,근린시설",경기도 수원시 영통구 이의동 1336-1 광교엘포트아이파크 13층씨1301호,215000000,73745000,195000000,2025-12-01,3,1693
2024타경67186,수원지방법원,아파트,오피스텔,경기도 수원시 영통구 이의동 1336-1 광교엘포트아이파크 9층비911호,207000000,144900000,144900000,2025-08-19,1,1693
2024타경84983,수원지방법원,아파트,오피스텔,경기도 수원시 영통구 이의동 1336-1 광교엘포트아이파크 12층에이1234호,438000000,150234000,394000000,2025-11-04,3,1693
2024타경89490,수원지방법원,아파트,오피스텔,경기도 수원시 영통구 이의동 1336-1 광교엘포트아이파크 5층씨503호,180000000,126000000,150000000,2026-04-06,1,1693
2024타경100007,수원지방법원,아파트,오피스텔,경기도 수원시 영통구 이의동 1336-1 광교엘포트아이파크 6층씨601호,180000000,126000000,148839997,2026-01-09,1,1693
2024타경100939,수원지방법원,아파트,오피스텔,경기도 수원시 영통구 이의동 1336-1 광교엘포트아이파크 16층에이1613호,238000000,166600000,219350000,2025-08-28,1,1693
2025타경50444,수원지방법원,아파트,"상가,오피스텔,근린시설",경기도 수원시 영통구 이의동 1336-1 광교엘포트아이파크 4층에이404호,204000000,204000000,0,2026-04-17,0,1693
2024타경93765,수원지방법원,아파트,아파트,경기도 수원시 영통구 매탄동 810-3 삼성아파트 6동 5층510호,396000000,277200000,311300079,2025-09-23,1,1743
2025타경449,수원지방법원,아파트,아파트,경기도 수원시 영통구 매탄동 810-3 삼성아파트 6동 11층1102호,380000000,266000000,349011000,2025-08-28,1,1743
2024타경5874,수원지방법원,주거용,근린시설,경기도 수원시 영통구 이의동 1336 힐스테이트 광교중앙역 주건축물제1동 2층236호,657000000,459900000,0,2026-06-09,2,1764
2024타경13974,수원지방법원,주거용,"상가,오피스텔,근린시설",경기도 수원시 영통구 하동 1016 광교효성해링턴타워 13층에이동1311호,266000000,266000000,0,2026-04-24,1,1797
2024타경66909,수원지방법원,아파트,오피스텔,경기도 수원시 영통구 하동 1016 광교효성해링턴타워 14층비동1402호,392000000,274400000,330000000,2025-04-25,1,1797
2025타경54345,수원지방법원,아파트,오피스텔,경기도 수원시 영통구 하동 1016 광교효성해링턴타워 15층비동1501호,371000000,259700000,312800000,2026-03-25,1,1797
2024타경55749,수원지방법원,아파트,아파트,경기도 수원시 영통구 매탄동 176 현대힐스테이트아파트 107동 7층704호,499000000,499000000,525117777,2025-06-17,0,1808
2024타경98012,수원지방법원,아파트,단독주택다가구,경기도 수원시 영통구 매탄동 176 현대힐스테이트아파트 115동 21층2101호,783000000,548100000,689270000,2026-03-20,1,1808
2024타경72423,수원지방법원,아파트,아파트,경기도 용인시 기흥구 영덕동 952 흥덕마을11단지경남아너스빌 1105동 8층801호,623000000,436100000,616590000,2025-07-02,1,1818
2025타경1574,수원지방법원,아파트,아파트,경기도 수원시 영통구 매탄동 1258 매탄 에듀파크시티1 103동 17층1704호,513000000,513000000,0,2026-04-27,1,1829
2025타경54694,수원지방법원,아파트,아파트,경기도 수원시 영통구 매탄동 1258 매탄 에듀파크시티1 106동 17층1704호,505000000,505000000,0,2026-06-08,0,1829
2024타경13240,수원지방법원,주거용,"상가,오피스텔,근린시설",경기도 용인시 기흥구 영덕동 1029 유-타워 21층2104호,333000000,163170000,240000000,2025-11-21,2,1842
2023타경12349,수원지방법원,기타건물,다가구주택,경기도 용인시 기흥구 영덕동 1068-6,1920584800,1344409000,0,2026-04-27,2,1885
2024타경6815,수원지방법원,기타건물,단독주택다가구,경기도 수원시 영통구 매탄동 483-3,2601785700,1274874000,1750000000,2025-08-18,2,1914
2025타경54406,수원지방법원,아파트,"연립주택,다세대,빌라",경기도 수원시 영통구 매탄동 167-9 우주타운 2동 지하층비02호,247000000,247000000,0,2026-05-08,1,1931
2024타경12827,수원지방법원,아파트,"상가,오피스텔,근린시설",경기도 수원시 영통구 영통동 945-2 수원영통리슈빌스카이오피스텔 12층1212호,314000000,219800000,273000000,2025-10-31,1,1946
2024타경80165,수원지방법원,아파트,아파트,경기도 수원시 영통구 하동 1013 광교더리브 6206동 27층2701호,1130000000,1130000000,1187520000,2025-11-18,0,1951
2023타경13274,수원지방법원,아파트,다세대,경기도 수원시 팔달구 우만동 111-11 2층201호,177000000,86730000,0,2026-04-13,3,1976
2024타경11091,수원지방법원,아파트,아파트,경기도 수원시 영통구 영통동 955-1 영통포레파크원 아파트 143동 18층1806호,416000000,416000000,419910000,2025-10-14,0,1994
2024타경56803,수원지방법원,아파트,아파트,경기도 수원시 영통구 영통동 955-1 영통포레파크원 아파트 153동 18층1802호,338000000,236600000,345990000,2025-04-21,1,1994
2024타경60192,수원지방법원,아파트,아파트,경기도 수원시 영통구 영통동 955-1 황골마을주공1단지아파트 152동 11층1104호,412000000,412000000,415500000,2025-05-13,0,1994
2024타경85177,수원지방법원,아파트,아파트,경기도 수원시 영통구 영통동 955-1 황골마을주공1단지아파트 158동 4층401호,380000000,380000000,420060024,2025-11-05,0,1994
2024타경85184,수원지방법원,아파트,아파트,경기도 수원시 영통구 영통동 955-1 황골마을주공1단지아파트 140동 4층405호,352000000,246400000,321750000,2025-09-23,1,1994
2024타경90469,수원지방법원,아파트,아파트,경기도 수원시 영통구 영통동 955-1 황골마을주공1단지아파트 137동 5층501호,415000000,290500000,388110000,2025-09-15,1,1994
2022타경68789,수원지방법원,아파트,아파트,경기도 수원시 영통구 매탄동 1352 매탄 위브 하늘채 124동 15층1503호,720000000,504000000,675990000,2026-03-23,1,2003
2023타경86159,수원지방법원,아파트,아파트,경기도 수원시 팔달구 인계동 374-14 신미주아파트 11층1103호,329000000,230300000,322000000,2025-06-23,1,2007
2024타경64828,수원지방법원,아파트,아파트,경기도 수원시 영통구 영통동 963-2 진흥아파트 553동 13층1304호,423000000,296100000,372890000,2025-08-20,1,2008
2024타경68882,수원지방법원,아파트,아파트,경기도 수원시 영통구 영통동 963-2 신성아파트 521동 11층1106호,411000000,287700000,387885000,2025-10-28,1,2008
2024타경86392,수원지방법원,아파트,아파트,경기도 수원시 영통구 영통동 963-2 신안아파트 531동 7층701호,430000000,301000000,380900000,2025-09-23,1,2008
2024타경86644,수원지방법원,아파트,아파트,경기도 수원시 영통구 영통동 963-2 신성아파트 521동 6층601호,430000000,301000000,412200000,2025-12-15,1,2008
2024타경91523,수원지방법원,아파트,아파트,경기도 수원시 영통구 영통동 963-2 쌍용아파트 544동 8층804호,390000000,273000000,331530000,2025-11-11,1,2008
2024타경3939,수원지방법원,아파트,아파트,경기도 수원시 영통구 영통동 956-2 동신아파트 315동 7층703호,1016000000,1016000000,0,2026-04-24,0,2015
2024타경67216,수원지방법원,아파트,아파트,경기도 수원시 영통구 영통동 956-2 대우아파트 304동 1층104호,875000000,612500000,765000000,2025-06-18,1,2015
2023타경12677,수원지방법원,아파트,아파트,경기도 용인시 기흥구 영덕동 1069 신동아파밀리에아파트 1213동 3층305호,745000000,521500000,726800000,2025-09-16,1,2115
2024타경85771,수원지방법원,아파트,아파트,경기도 용인시 기흥구 영덕동 1069 신동아파밀리에아파트 1213동 20층2003호,830000000,581000000,712090000,2025-09-12,1,2115
2024타경11688,수원지방법원,아파트,아파트,경기도 수원시 영통구 매탄동 1277 주공그린빌 307동 12층1201호,507000000,354900000,462900000,2025-11-24,1,2148
2023타경12462,수원지방법원,아파트,아파트,경기도 수원시 영통구 영통동 1054-3 한국아파트 214동 4층405호,335000000,335000000,0,2026-04-20,1,2153
2023타경71522,수원지방법원,아파트,아파트,경기도 수원시 영통구 영통동 1054-3 한국아파트 212동 18층1802호,360000000,252000000,314770000,2025-11-11,1,2153
2024타경101673,수원지방법원,아파트,아파트,경기도 수원시 영통구 영통동 964-5 신나무실주공아파트 503동 13층1303호,403000000,282100000,327899999,2025-11-07,2,2210
2025타경55521,수원지방법원,주거용,근린시설,경기도 수원시 영통구 하동 989 원희캐슬광교 1층에이-111호,1145000000,801500000,0,2026-04-28,2,2245
2023타경85545,수원지방법원,주거용,상가,경기도 수원시 팔달구 인계동 1169 수원인계푸르지오 상가동 지1층121호,124000000,42532000,57856700,2025-06-16,3,2256
2024타경103303,수원지방법원,아파트,아파트,경기도 수원시 영통구 이의동 1326 이-편한세상광교 6113동 15층1504호,1748000000,1748000000,1759000000,2025-09-10,0,2261
2024타경85993,수원지방법원,아파트,아파트,경기도 수원시 영통구 매탄동 1280 주공그린빌 401동 7층704호,495000000,495000000,495000000,2026-02-23,0,2325
2024타경72386,수원지방법원,아파트,아파트,경기도 수원시 영통구 영통동 996-3 대우월드마크영통 26층102-2601호,817000000,571900000,687135990,2025-07-11,1,2329
2025타경50765,수원지방법원,주거용,근린시설,경기도 수원시 영통구 이의동 1348 광교중앙역에스케이뷰 에이동 1층125호,2431128000,1701790000,0,2026-06-09,2,2345
2024타경68462,수원지방법원,기타건물,단독주택다가구,경기도 수원시 영통구 매탄동 1163-13,2300363500,1127177000,1395000000,2025-10-29,2,2371
2025타경879,수원지방법원,아파트,오피스텔,경기도 수원시 영통구 이의동 1351-6 광교유니코어 5층베타509호,127000000,30493000,30493000,2026-04-07,4,2377
2024타경93949,수원지방법원,아파트,아파트,경기도 수원시 영통구 영통동 972-2 벽적골2단지주공아파트 845동 17층1703호,370000000,259000000,296000000,2026-02-25,1,2381
2024타경11992,수원지방법원,아파트,오피스텔,경기도 수원시 영통구 이의동 1352 에듀하임1309오피스텔 103동 3층307호,151000000,17765000,0,2026-05-12,7,2390
2024타경52849,수원지방법원,아파트,오피스텔,경기도 수원시 영통구 이의동 1352 에듀하임1309오피스텔 104동 2층205호,450000000,315000000,407299999,2025-05-16,1,2390
2024타경96986,수원지방법원,아파트,오피스텔,경기도 수원시 영통구 이의동 1352 에듀하임1309오피스텔 103동 14층1413호,152000000,106400000,150000000,2026-03-27,1,2390
2025타경55163,수원지방법원,아파트,"상가,오피스텔,근린시설",경기도 수원시 영통구 이의동 1351 광교경동해피리움 8층836호,121000000,121000000,0,2026-05-19,0,2423
2024타경62747,수원지방법원,아파트,오피스텔,경기도 수원시 영통구 이의동 1351-2 광교코아루에스 11층1117호,144000000,100800000,121000600,2026-02-04,9,2444
2025타경57712,수원지방법원,아파트,오피스텔,경기도 수원시 영통구 이의동 1351-2 광교코아루에스 15층1509호,142000000,142000000,0,2026-04-27,1,2444
2023타경13397,수원지방법원,주거용,"연립주택,다세대,빌라",경기도 수원시 팔달구 인계동 941-7 여유빌딩 1층101호,470000000,161210000,206100000,2025-10-28,3,2461
2025타경54385,수원지방법원,아파트,오피스텔,경기도 수원시 영통구 이의동 1351-4 이편한세상시티광교 2층232호,383000000,383000000,0,2026-06-08,0,2465
2023타경84047,수원지방법원,아파트,아파트,경기도 수원시 영통구 매탄동 1162 임광아파트 5동 5층509호,388000000,271600000,0,2025-05-14,1,2505
2025타경54435,수원지방법원,아파트,아파트,경기도 수원시 영통구 매탄동 1162 임광아파트 7동 6층602호,460000000,322000000,403000000,2026-01-14,1,2505
2024타경79226,수원지방법원,기타건물,임야,경기도 용인시 기흥구 하갈동 323-59,543609000,44767000,0,2026-05-06,8,2535
2023타경13434,수원지방법원,아파트,기타,경기도 수원시 팔달구 인계동 1036-9 아임홈 6층603호,138000000,1908000,0,2026-04-20,13,2546
2024타경97972,수원지방법원,아파트,아파트,경기도 수원시 영통구 영통동 967-2 신나무실극동아파트 611동 1층104호,650000000,455000000,630000000,2026-01-26,1,2578
2023타경12356,수원지방법원,기타건물,다가구주택,경기도 용인시 기흥구 영덕동 1109-13,1248306760,873814000,875077700,2025-05-16,1,2586
2024타경84662,수원지방법원,주거용,근린시설,경기도 수원시 영통구 신동 338 에이스 하이엔드타워 영통 지하2층비203호,1072000000,367696000,551500000,2025-11-24,3,2601
2024타경98791,수원지방법원,아파트,아파트,경기도 수원시 영통구 영통동 973-3 우성아파트 822동 17층1702호,477000000,477000000,477100000,2026-03-10,0,2679
2025타경54320,수원지방법원,아파트,아파트,경기도 수원시 영통구 영통동 973-3 두산아파트 801동 16층1604호,489000000,489000000,0,2026-04-21,1,2679
2025타경55212,수원지방법원,아파트,아파트,경기도 수원시 영통구 영통동 973-3 두산아파트 801동 2층201호,420000000,420000000,430420000,2026-02-02,0,2679
2024타경4864,수원지방법원,주거용,"상가,오피스텔,근린시설",경기도 수원시 팔달구 인계동 1040 엘리시아아이티타워 6층622호,280000000,96040000,98600000,2025-10-28,3,2682
2024타경3588,수원지방법원,기타건물,다가구주택,경기도 수원시 영통구 매탄동 1176-19,1501650520,1051155000,1150100000,2025-09-17,1,2698
2024타경64248,수원지방법원,주거용,기타,경기도 용인시 기흥구 영덕동 1315 힉스유타워 에이동 22층2201-1호,775000000,379750000,518880000,2025-11-05,2,2704
2024타경67834,수원지방법원,주거용,기타,경기도 용인시 기흥구 영덕동 1315 힉스유타워 에이동 지하1층비103-1호,200000000,98000000,111100000,2025-09-05,2,2704
2023타경13588,수원지방법원,주거용,"상가,오피스텔,근린시설",경기도 수원시 팔달구 인계동 1034-6 2층201호,1176000000,282357000,335790124,2025-12-01,4,2707
2024타경13844,수원지방법원,주거용,"상가,오피스텔,근린시설",경기도 수원시 영통구 신동 398-39 1층102호,403000000,197470000,199500000,2026-04-03,2,2710
2023타경10602,수원지방법원,아파트,다세대,경기도 수원시 팔달구 우만동 558-1 더스테이 3층301호,241000000,118090000,133520000,2026-03-09,2,2712
2024타경71918,수원지방법원,기타건물,전답,경기도 용인시 기흥구 하갈동 339-4,1059200000,363305000,402200000,2026-02-09,3,2733
2023타경13144,수원지방법원,아파트,오피스텔,경기도 수원시 팔달구 인계동 1034-3 드라마시티 7층713호,89000000,1232000,0,2026-04-01,13,2739
2024타경8309,수원지방법원,주거용,근린시설,경기도 수원시 팔달구 우만동 555-7 홈스테이 1층101호,126000000,88200000,102060000,2025-12-10,1,2741
2023타경12776,수원지방법원,주거용,기타,경기도 수원시 영통구 신동 478-6 테크트리영통지식산업센터 6층621호,412000000,201880000,258100000,2025-04-28,2,2746
2024타경4871,수원지방법원,아파트,기타,경기도 수원시 영통구 신동 478-6 테크트리영통지식산업센터 기숙사동 14층1416호,156000000,76440000,85222000,2026-01-20,2,2746
2024타경12957,수원지방법원,아파트,기타,경기도 수원시 영통구 신동 478-6 테크트리영통지식산업센터 기숙사동 8층812호,140000000,48020000,82320000,2026-01-12,3,2746
2024타경12964,수원지방법원,주거용,기타,경기도 수원시 영통구 신동 478-6 테크트리영통지식산업센터 기숙사동 8층813호,138000000,67620000,82001000,2025-11-03,2,2746
2024타경54456,수원지방법원,주거용,기타,경기도 수원시 영통구 신동 478-6 테크트리영통지식산업센터 지2층비211호,528000000,126773000,204000000,2026-03-18,4,2746
2024타경84556,수원지방법원,주거용,기타,경기도 수원시 영통구 신동 478-6 테크트리영통지식산업센터 6층607호,512000000,250880000,281000000,2025-09-30,2,2746
2024타경63399,수원지방법원,기타건물,근린시설,경기도 수원시 영통구 신동 398-21,2147276960,1052165000,1250000000,2025-09-08,2,2764
2024타경3373,수원지방법원,기타건물,다세대,경기도 용인시 기흥구 영덕동 1124-7,1294044720,634081000,828888800,2026-01-13,2,2766
2024타경63719,수원지방법원,아파트,연립주택,경기도 수원시 영통구 망포동 5-15,5398778510,2645400000,3023777000,2026-04-10,2,2772
2022타경7784,수원지방법원,아파트,오피스텔,경기도 수원시 팔달구 인계동 954-1 다원캐슬 7층701호,250000000,175000000,176500000,2025-06-02,10,2809
2023타경62078,수원지방법원,아파트,"상가,오피스텔,근린시설",경기도 수원시 팔달구 인계동 954-1 다원캐슬 5층503호,249000000,174300000,179700000,2025-12-05,1,2809
2023타경64623,수원지방법원,아파트,오피스텔,경기도 수원시 팔달구 인계동 1022-3 센트럴하임 8층808호,165000000,9510000,17500000,2025-12-05,8,2815
2024타경4413,수원지방법원,아파트,근린시설,경기도 수원시 팔달구 인계동 1022-3 센트럴하임 6층608호,166000000,81340000,120000000,2025-09-08,2,2815
2024타경10463,수원지방법원,아파트,아파트,경기도 용인시 기흥구 영덕동 1117 흥덕마을13단지경남아너스빌 1305동 18층1802호,697000000,239071000,584920000,2025-09-30,3,2820
2024타경9203,수원지방법원,주거용,다세대,경기도 수원시 팔달구 인계동 962-8 펜트하우스 2층201호,446000000,312200000,314299000,2025-09-12,1,2863
2023타경78899,수원지방법원,아파트,다세대,경기도 용인시 기흥구 영덕동 1246-4 더헤이븐 106동 3층302호,195000000,95550000,136700000,2025-09-29,11,2882
2024타경3380,수원지방법원,아파트,"연립주택,다세대,빌라",경기도 수원시 팔달구 인계동 1030 3층301호,128000000,43904000,66777000,2026-04-14,3,2912
2024타경69670,수원지방법원,아파트,아파트,경기도 용인시 기흥구 영덕동 946 청현마을대명레이크빌 105동 9층901호,388000000,271600000,359900000,2025-05-26,1,2952
2024타경3625,수원지방법원,주거용,근린시설,경기도 수원시 팔달구 지동 477-24 펠리체 지층101호,565000000,276850000,0,2026-05-12,3,3058
2022타경59846,수원지방법원,아파트,다세대,경기도 수원시 팔달구 인계동 970-16 신영빌 3층303호,185000000,3658000,3658000,2025-09-29,11,3073
2024타경6587,수원지방법원,아파트,아파트,경기도 수원시 영통구 신동 940 래미안영통마크원2단지 203동 19층1902호,725000000,725000000,745000000,2025-07-02,0,3079
2024타경92205,수원지방법원,아파트,아파트,경기도 수원시 영통구 신동 940 래미안영통마크원2단지 204동 10층1003호,823000000,576100000,761420000,2025-09-16,1,3079
2024타경68868,수원지방법원,아파트,아파트,경기도 용인시 기흥구 영덕동 15 용인영덕신일아파트 105동 8층802호,360000000,252000000,331200900,2025-10-28,1,3089
2024타경6754,수원지방법원,주거용,근린시설,경기도 수원시 영통구 망포동 41-51 망포역플래티넘베이스주건축물제1동 1층125호,985000000,482650000,756000000,2026-03-10,2,3091
2025타경50994,수원지방법원,주거용,"상가,오피스텔,근린시설",경기도 수원시 영통구 망포동 41-51 망포역플래티넘베이스주건축물제1동 7층702호,1958000000,1958000000,0,2026-04-21,1,3091
2024타경6136,수원지방법원,기타건물,단독주택다가구,경기도 수원시 팔달구 지동 174-11,417471820,292230000,360099990,2025-11-19,1,3094
2023타경1127,수원지방법원,기타건물,근린시설,경기도 수원시 영통구 망포동 355-23,2579278720,1805495000,2512000000,2025-10-29,1,3143
2024타경6983,수원지방법원,아파트,오피스텔,경기도 수원시 팔달구 인계동 743-21 삼라오피스텔 4층404호,147000000,102900000,112000000,2025-05-20,1,3171
2024타경10593,수원지방법원,아파트,기타,경기도 수원시 영통구 이의동 1286 에이스광교타워3 지1층비105호,226000000,158200000,180000000,2026-01-07,1,3175
2025타경901,수원지방법원,주거용,"상가,오피스텔,근린시설",경기도 수원시 영통구 이의동 1286 에이스광교타워3 지2층비217호,206000000,100940000,121033600,2026-02-20,2,3175
2024타경76067,수원지방법원,아파트,아파트,경기도 용인시 기흥구 영덕동 14-11 용인영덕신일아파트 201동 1층104호,280000000,196000000,237470000,2025-11-12,1,3188
2024타경6228,수원지방법원,아파트,아파트,경기도 용인시 기흥구 영덕동 1267 용인기흥효성해링턴플레이스 116동 8층801호,526000000,526000000,526000000,2026-02-23,0,3219
2024타경6051,수원지방법원,주거용,기타,경기도 수원시 영통구 이의동 1285-1 광교플렉스데시앙 6층613호,337000000,165130000,202200000,2025-06-05,2,3222
2024타경7719,수원지방법원,주거용,기타,경기도 수원시 영통구 이의동 1285-1 광교플렉스데시앙 15층1501호,241000000,118090000,129899500,2025-05-26,2,3222
2024타경12421,수원지방법원,주거용,근린시설,경기도 수원시 영통구 이의동 1285-1 광교플렉스데시앙 14층1430호,182000000,89180000,116540000,2026-03-23,2,3222
2024타경8729,수원지방법원,아파트,"연립주택,다세대,빌라",경기도 수원시 팔달구 우만동 488-5 퍼스트하우스 2층201호,297000000,145530000,207900000,2026-03-06,2,3229
2024타경6624,수원지방법원,아파트,"연립주택,다세대,빌라",경기도 수원시 팔달구 인계동 984-9 한일그린빌리지 지하층비101호,135000000,66150000,78551000,2025-06-20,2,3244
2024타경10098,수원지방법원,아파트,아파트,경기도 수원시 영통구 망포동 725 영통에스케이뷰 101동 4층403호,680000000,476000000,665200000,2025-06-17,1,3254
2023타경85477,수원지방법원,아파트,다세대,경기도 수원시 팔달구 인계동 984-7 해비치 3층301호,230000000,161000000,198111000,2025-08-19,1,3255
2023타경84542,수원지방법원,아파트,아파트,경기도 수원시 영통구 신동 939 래미안영통마크원1단지 102동 8층802호,727000000,508900000,640080000,2025-07-09,1,3256
2024타경71550,수원지방법원,아파트,아파트,경기도 수원시 영통구 신동 939 래미안영통마크원1단지 105동 2층203호,674000000,674000000,675110000,2025-06-05,0,3256
2023타경11834,수원지방법원,기타건물,다가구주택,경기도 수원시 영통구 신동 966,2467638400,1209142000,1673700000,2026-04-10,2,3289
2024타경64477,수원지방법원,아파트,아파트,경기도 수원시 영통구 망포동 707 방죽마을영통뜨란채 1001동 5층504호,464000000,324800000,467770000,2025-04-18,1,3293
2025타경51768,수원지방법원,아파트,아파트,경기도 수원시 영통구 망포동 691 망포역마을쌍용아파트 101동 11층1102호,600000000,600000000,632110000,2026-03-30,0,3307
2023타경10992,수원지방법원,아파트,"연립주택,다세대,빌라",경기도 수원시 팔달구 우만동 477-12 2층201호,278000000,278000000,283200000,2025-10-13,0,3312
2024타경13981,수원지방법원,아파트,아파트,경기도 수원시 영통구 망포동 722 그대가센트럴파크 202동 17층1701호,970000000,970000000,0,2026-04-20,1,3321
2024타경61294,수원지방법원,기타건물,단독주택다가구,경기도 수원시 영통구 신동 1002,2993493120,1466811000,1781199000,2025-07-14,2,3326
2024타경60505,수원지방법원,아파트,아파트,경기도 수원시 영통구 망포동 728 힐스테이트영통 117동 6층604호,1240000000,868000000,1215000000,2025-08-29,1,3335
2023타경86784,수원지방법원,아파트,아파트,경기도 수원시 영통구 하동 1001 광교마을40단지 4009동 11층1103호,891000000,623700000,769900000,2025-07-07,1,3340
2024타경74160,수원지방법원,아파트,아파트,경기도 수원시 영통구 하동 1001 광교마을40단지 4004동 11층1101호,721000000,721000000,722300880,2025-10-20,0,3340
2025타경55526,수원지방법원,아파트,아파트,경기도 수원시 영통구 하동 1001 광교 더 포레스트 4008동 25층2501호,930000000,651000000,859750000,2026-04-14,1,3340
2024타경7702,수원지방법원,아파트,"연립주택,다세대,빌라",경기도 용인시 기흥구 하갈동 383 시더스프리미엄힐 에이동 4층402호,654000000,157025000,225100000,2025-12-16,4,3350
2024타경13516,수원지방법원,아파트,"연립주택,다세대,빌라",경기도 용인시 기흥구 하갈동 383 시더스프리미엄힐 씨동 2층202호,510000000,510000000,0,2026-04-29,0,3350
2024타경76647,수원지방법원,아파트,다세대,경기도 용인시 기흥구 서천동 404-3 가온빌 에이동 2층203호,209000000,146300000,167019000,2025-06-10,1,3356
2025타경53344,수원지방법원,아파트,아파트,경기도 수원시 영통구 망포동 509-1 영통마젤란21아파트1단지 1101동 5층501호,442000000,309400000,435500000,2026-04-13,1,3364
2024타경98548,수원지방법원,아파트,"상가,오피스텔,근린시설",경기도 수원시 영통구 이의동 1258-3 광교파인렉스1 6층602호,125000000,87500000,0,2026-05-06,2,3392
2024타경718,수원지방법원,아파트,다세대,경기도 용인시 기흥구 하갈동 309-5 루체팰리스 비동 2층201호,450000000,154350000,330750000,2025-11-18,3,3393
2025타경1178,수원지방법원,주거용,근린시설,경기도 수원시 영통구 이의동 1248-3 에이스광교타워1 1층101호,1260000000,1260000000,0,2026-04-15,1,3398
2025타경55713,수원지방법원,아파트,오피스텔,경기도 수원시 영통구 이의동 1258-1 킴앤코시티하임2 8층813호,130000000,130000000,0,2026-05-12,1,3415
2025타경1334,수원지방법원,주거용,근린시설,경기도 수원시 영통구 망포동 294-8 가동 1층101호,151000000,73990000,75601000,2026-04-15,2,3425
2025타경54818,수원지방법원,아파트,"상가,오피스텔,근린시설",경기도 수원시 영통구 이의동 1258 광교에코푸르지오시티 에이동 3층302호,185000000,185000000,0,2026-04-29,0,3432
2024타경87852,수원지방법원,아파트,아파트,경기도 수원시 영통구 망포동 509-2 영통마젤란21아파트2단지 1104동 10층1001호,449000000,314300000,385000000,2025-12-15,1,3457
2024타경85450,수원지방법원,주거용,"상가,오피스텔,근린시설",경기도 수원시 영통구 이의동 1248-2 리치프라자3 1층111호,1091000000,374213000,412570000,2026-04-13,3,3460
2024타경98517,수원지방법원,주거용,"상가,오피스텔,근린시설",경기도 수원시 영통구 이의동 1248-2 리치프라자3 1층101호,1667000000,1667000000,0,2026-04-17,1,3460
2025타경56223,수원지방법원,주거용,근린시설,경기도 수원시 영통구 이의동 1248-2 리치프라자3 2층205호,533300000,533300000,0,2026-05-20,0,3460
2024타경80578,수원지방법원,아파트,오피스텔,경기도 수원시 영통구 이의동 1256-3 유-씨티 3층314호,140000000,98000000,140000000,2025-05-14,1,3476
2024타경5966,수원지방법원,아파트,연립주택,경기도 용인시 기흥구 신갈동 435-34 1층101호,135000000,94500000,107050000,2025-07-02,1,3483
2024타경619,수원지방법원,아파트,"연립주택,다세대,빌라",경기도 수원시 팔달구 인계동 1008-3 2층201호,137000000,46991000,83880000,2026-02-09,3,3487
2024타경62150,수원지방법원,아파트,오피스텔,경기도 수원시 영통구 이의동 1256-1 테라스힐 3층비309호,120000000,41160000,41160000,2025-06-24,3,3503
2024타경66336,수원지방법원,아파트,오피스텔,경기도 수원시 영통구 이의동 1256 장안프라임광교 4층401호,387000000,189630000,300000000,2025-11-18,2,3533
2024타경76296,수원지방법원,아파트,아파트,경기도 수원시 영통구 망포동 726 이편한세상영통2차1단지 103동 17층1704호,605000000,605000000,0,2026-05-08,1,3542
2025타경56859,수원지방법원,아파트,아파트,경기도 수원시 영통구 망포동 488 늘푸른벽산아파트 111동 20층2001호,537000000,537000000,0,2026-04-28,0,3557
2024타경95198,수원지방법원,아파트,다세대,경기도 수원시 영통구 망포동 388-7 4층403호,179000000,179000000,0,2026-05-11,1,3558
2024타경11978,수원지방법원,아파트,아파트,경기도 용인시 기흥구 신갈동 734 용인기흥우방아이유쉘 104동 3층302호,456000000,319200000,415799999,2025-09-30,1,3577
2024타경50539,수원지방법원,아파트,다세대,경기도 용인시 기흥구 서천동 397-2 건우까사미3 3층301호,229000000,6468000,6470000,2026-03-17,12,3580
2024타경56322,수원지방법원,아파트,다세대,경기도 용인시 기흥구 서천동 397-2 건우까사미3 4층403호,222000000,8959000,219320000,2025-07-07,9,3580
2024타경57752,수원지방법원,아파트,다세대,경기도 용인시 기흥구 서천동 397-2 건우까사미3 5층501호,226000000,77518000,224000000,2025-04-22,3,3580
2024타경75330,수원지방법원,아파트,다세대,경기도 용인시 기흥구 서천동 397-2 건우까사미3 2층201호,233000000,6580000,250000000,2026-02-10,10,3580
2024타경3960,수원지방법원,아파트,단독주택다가구,경기도 용인시 기흥구 신갈동 426-49,345515300,241861000,0,2026-05-06,2,3655
2024타경69489,수원지방법원,아파트,아파트,경기도 용인시 기흥구 신갈동 736 신흥덕롯데캐슬레이시티 104동 22층2202호,711000000,497700000,629999999,2025-10-31,1,3672
2024타경84501,수원지방법원,아파트,아파트,경기도 용인시 기흥구 신갈동 736 신흥덕롯데캐슬레이시티 110동 12층1202호,720000000,504000000,631000000,2025-10-28,1,3672
2024타경64347,수원지방법원,아파트,연립주택,경기도 수원시 영통구 망포동 535-17 어반글랜 나동 3층301호,235000000,164500000,207285000,2025-11-28,1,3735
2024타경84778,수원지방법원,아파트,다세대,경기도 수원시 영통구 망포동 535-17 어반글랜 가동 2층203호,255000000,124950000,176439600,2026-04-15,7,3735
2023타경5747,수원지방법원,기타건물,기타,경기도 수원시 팔달구 중동 49-4,2701582940,1891108000,2522000000,2025-08-11,1,3819
2023타경10275,수원지방법원,주거용,"연립주택,다세대,빌라",경기도 수원시 팔달구 팔달로1가 12-3 2층201호,240000000,40337000,0,2026-04-29,6,3903
2023타경67585,수원지방법원,아파트,아파트,경기도 수원시 영통구 망포동 686 동수원자이1차 114동 12층1206호,520000000,364000000,561600000,2025-06-09,1,3961
2024타경9111,수원지방법원,주거용,다가구주택,경기도 수원시 팔달구 매교동 29-13 주건축물제1동,2538698800,1777089000,2438888000,2025-09-12,1,3976
2025타경56424,수원지방법원,아파트,아파트,경기도 수원시 영통구 망포동 810 영통롯데캐슬엘클래스2단지 208동 10층1002호,849000000,849000000,0,2026-04-22,1,3994
2024타경65463,수원지방법원,아파트,아파트,경기도 수원시 영통구 이의동 1200 광교2차이편한세상 8503동 13층1304호,935000000,654500000,937999999,2025-08-19,1,4045
2025타경56334,수원지방법원,아파트,아파트,경기도 수원시 영통구 이의동 1200 광교2차이편한세상 8502동 9층903호,981000000,981000000,0,2026-04-22,1,4045
2024타경9562,수원지방법원,아파트,아파트,경기도 수원시 영통구 이의동 1184 광교호반베르디움 8702동 6층603호,940000000,940000000,955999999,2025-12-24,0,4168
2024타경81229,수원지방법원,기타건물,근린시설,경기도 용인시 기흥구 신갈동 61-10,4145045760,2031072000,2220000000,2025-11-11,2,4180
2023타경69680,수원지방법원,아파트,다세대,경기도 용인시 기흥구 신갈동 34-10 4층402호,252000000,176400000,180881000,2025-08-28,11,4207
2024타경78766,수원지방법원,아파트,"연립주택,다세대,빌라",경기도 용인시 기흥구 신갈동 43-9 기흥그랑쥬테 3층303호,260000000,127400000,184510000,2026-01-14,2,4237
2024타경66534,수원지방법원,아파트,다세대,경기도 용인시 기흥구 신갈동 28-13 502호,161000000,78890000,96200000,2025-11-28,2,4300
2024타경58892,수원지방법원,아파트,다세대,경기도 용인시 기흥구 신갈동 8-12 3층301호,210000000,24705000,163300000,2025-09-02,6,4338
2023타경88841,수원지방법원,아파트,아파트,경기도 용인시 기흥구 신갈동 158 양현마을신안아파트 312동 4층401호,478000000,334600000,458800000,2025-06-05,1,4356
2024타경76982,수원지방법원,기타건물,전답,경기도 용인시 기흥구 서천동 89-1,416566000,142881000,165190000,2026-03-24,3,4376
2024타경10319,수원지방법원,아파트,연립주택,경기도 수원시 영통구 이의동 1197 이편한세상테라스광교웨스트힐 8601동 4층404호,1240000000,868000000,1180000000,2025-10-22,1,4387
2024타경74368,수원지방법원,아파트,다가구주택,경기도 용인시 기흥구 농서동 447-11,1688490200,1181943000,1350139000,2025-05-09,1,4420
2024타경7139,수원지방법원,기타건물,기타,경기도 용인시 기흥구 신갈동 64-4,2567016800,1796911000,2159999990,2026-01-20,1,4421
2022타경74753,수원지방법원,아파트,아파트,경기도 용인시 기흥구 상갈동 461 금화마을대우현대아파트 101동 1층101호,458000000,320600000,350200000,2025-11-28,1,4480
2024타경60086,수원지방법원,아파트,아파트,경기도 용인시 기흥구 신갈동 151-1 신갈현대아파트 101동 7층709호,402000000,281400000,373800000,2025-08-11,1,4579
2024타경78391,수원지방법원,아파트,아파트,경기도 용인시 기흥구 구갈동 405-1 구갈풍림아파트 2층204호,442000000,309400000,385990000,2025-06-11,1,4601
2024타경65203,수원지방법원,아파트,아파트,경기도 용인시 기흥구 보라동 564 보라마을현대모닝사이드 109동 12층1201호,526000000,368200000,462620000,2025-08-20,1,4620
2024타경6105,수원지방법원,주거용,근린시설,경기도 용인시 기흥구 농서동 452 기흥테라타워현대엔지니어링지식산업센터 9층티-9054호,285000000,139650000,0,2026-04-21,3,4630
2024타경14090,수원지방법원,아파트,아파트,경기도 용인시 기흥구 상갈동 454 금화마을주공그린빌 504동 7층703호,357000000,357000000,381999999,2026-01-27,0,4648
2024타경84051,수원지방법원,아파트,아파트,경기도 용인시 기흥구 상갈동 454 금화마을주공그린빌 504동 14층1403호,379000000,265300000,335800800,2025-11-04,1,4648
2024타경79233,수원지방법원,아파트,아파트,경기도 용인시 기흥구 구갈동 396 한양아파트 108동 9층902호,615000000,430500000,535780000,2025-08-29,1,4695
2023타경11452,수원지방법원,주거용,기타,경기도 용인시 기흥구 농서동 455 프리미엄원희캐슬기흥서천 6층627호,198000000,67914000,75700000,2025-11-18,3,4742
2024타경7955,수원지방법원,주거용,"상가,오피스텔,근린시설",경기도 용인시 기흥구 농서동 455 프리미엄원희캐슬기흥서천 1층엘164호,2147000000,360847000,0,2026-04-24,6,4742
2024타경8972,수원지방법원,주거용,"상가,오피스텔,근린시설",경기도 용인시 기흥구 농서동 455 프리미엄원희캐슬기흥서천 1층엘155호,1261000000,211936000,0,2026-05-12,6,4742
2024타경10869,수원지방법원,주거용,"상가,오피스텔,근린시설",경기도 용인시 기흥구 농서동 455 프리미엄원희캐슬기흥서천 1층엘184호,1050000000,735000000,0,2026-04-22,2,4742
2024타경51662,수원지방법원,주거용,근린시설,경기도 용인시 기흥구 농서동 455 프리미엄원희캐슬기흥서천 지1층비003호,586000000,98488000,100000000,2025-05-28,5,4742
2024타경63450,수원지방법원,주거용,"상가,오피스텔,근린시설",경기도 용인시 기흥구 농서동 455 프리미엄원희캐슬기흥서천 1층엘138호,960000000,230496000,0,2026-04-17,5,4742
2024타경72119,수원지방법원,주거용,근린시설,경기도 용인시 기흥구 농서동 455 프리미엄원희캐슬기흥서천 지1층비004호,496000000,496000000,0,2026-04-21,1,4742
2024타경75033,수원지방법원,주거용,"상가,오피스텔,근린시설",경기도 용인시 기흥구 농서동 455 프리미엄원희캐슬기흥서천 1층엘131호,1010000000,169750000,173711228,2026-01-13,5,4742
2024타경75057,수원지방법원,주거용,근린시설,경기도 용인시 기흥구 농서동 455 프리미엄원희캐슬기흥서천 1층엘132호,996000000,117177000,150990307,2026-02-03,6,4742
2024타경75064,수원지방법원,주거용,근린시설,경기도 용인시 기흥구 농서동 455 프리미엄원희캐슬기흥서천 1층엘134호,962000000,113178000,0,2026-04-13,7,4742
2024타경77411,수원지방법원,아파트,"상가,오피스텔,근린시설",경기도 용인시 기흥구 농서동 455 프리미엄원희캐슬기흥서천 10층1038호,124000000,86800000,95000000,2026-01-19,1,4742
2024타경77428,수원지방법원,주거용,근린시설,경기도 용인시 기흥구 농서동 455 프리미엄원희캐슬기흥서천 9층932호,136000000,95200000,97000000,2026-03-16,1,4742
2024타경77459,수원지방법원,주거용,근린시설,경기도 용인시 기흥구 농서동 455 프리미엄원희캐슬기흥서천 1층엘107호,1916000000,1341200000,0,2026-04-27,2,4742
2024타경77466,수원지방법원,주거용,근린시설,경기도 용인시 기흥구 농서동 455 프리미엄원희캐슬기흥서천 1층 엘174호,1080000000,181516000,218510000,2026-03-09,5,4742
2024타경77480,수원지방법원,아파트,"상가,오피스텔,근린시설",경기도 용인시 기흥구 농서동 455 프리미엄원희캐슬기흥서천 9층964호,114000000,79800000,83600000,2026-01-07,1,4742
2024타경77886,수원지방법원,주거용,근린시설,경기도 용인시 기흥구 농서동 455 프리미엄원희캐슬기흥서천 1층엘149호,1210000000,99647000,112647000,2026-03-18,7,4742
2024타경82680,수원지방법원,주거용,근린시설,경기도 용인시 기흥구 농서동 455 프리미엄원희캐슬기흥서천 지1층비017호,646000000,316540000,0,2026-04-29,3,4742
2024타경83966,수원지방법원,주거용,근린시설,경기도 용인시 기흥구 농서동 455 프리미엄원희캐슬기흥서천 1층엘135호,1110000000,1110000000,0,2026-04-17,1,4742
2024타경84105,수원지방법원,주거용,상가,경기도 용인시 기흥구 농서동 455 프리미엄원희캐슬기흥서천 1층엘127호,2331000000,799533000,0,2026-04-29,4,4742
2024타경5300,수원지방법원,주거용,기타,경기도 용인시 기흥구 농서동 457 이너매스허브시티 7층724호,116000000,19496000,23230000,2026-04-06,5,4840
2024타경5751,수원지방법원,아파트,아파트,경기도 용인시 기흥구 신갈동 166 새릉골아파트 101동 10층1003호,713000000,499100000,670229900,2026-01-07,1,4867
2024타경1254,수원지방법원,아파트,아파트,경기도 용인시 기흥구 신갈동 681 녹원마을새천년그린빌 106동 2층202호,460000000,460000000,0,2025-04-30,1,4896
2024타경5430,수원지방법원,주거용,근린시설,경기도 수원시 팔달구 고등동 116 엘리시아 4층401-1호,359000000,86196000,97000000,2025-09-05,4,4948
2023타경13427,수원지방법원,아파트,"연립주택,다세대,빌라",경기도 수원시 팔달구 화서동 62-6 아이빌 2층201호,162000000,113400000,114500000,2025-12-01,1,4961
2024타경7320,수원지방법원,주거용,기타,경기도 수원시 팔달구 매산로2가 65-3 파르마 10층1014호,75000000,36750000,45591000,2026-02-10,2,4971
2024타경7337,수원지방법원,주거용,근린시설,경기도 수원시 팔달구 매산로2가 65-3 파르마 10층1012호,75000000,52500000,531200000,2026-02-09,1,4971
2024타경5621,수원지방법원,아파트,아파트,경기도 수원시 팔달구 매산로2가 90 대한대우아파트 127동 6층604호,620000000,434000000,547000000,2026-01-07,1,4972
2023타경13212,수원지방법원,아파트,다세대,경기도 수원시 팔달구 화서동 70-5 2층201호,167000000,81830000,82111111,2025-09-05,2,4984
2024타경8606,수원지방법원,주거용,"상가,오피스텔,근린시설",경기도 수원시 팔달구 고등동 300-16 센트럴시티뷰 2층207호,922000000,154960000,0,2026-05-12,6,5009
2023타경78257,수원지방법원,아파트,오피스텔,경기도 수원시 팔달구 고등동 305-10 루체스타 1동 13층1309호,133000000,65170000,0,2026-05-12,3,5064
2023타경8852,수원지방법원,아파트,아파트,경기도 용인시 기흥구 구갈동 660 힐스테이트기흥 205동 14층1405호,882000000,617400000,933880000,2025-10-13,1,5086
2023타경71270,수원지방법원,아파트,아파트,경기도 용인시 기흥구 구갈동 660 힐스테이트기흥 203동 39층3904호,937000000,655900000,925110000,2025-06-10,1,5086
2023타경78318,수원지방법원,아파트,아파트,경기도 용인시 기흥구 공세동 382-1 호수청구아파트 103동 17층1704호,80500000,56350000,66815000,2025-06-24,1,5203
2024타경60710,수원지방법원,아파트,아파트,경기도 용인시 기흥구 공세동 382-1 호수청구아파트 105동 3층301호,337000000,235900000,272000000,2025-09-30,1,5203
2024타경11640,수원지방법원,아파트,"연립주택,다세대,빌라",경기도 용인시 기흥구 보라동 283-13 그린캐슬 102동 2층201호,232000000,162400000,178750000,2025-09-10,1,5204
2024타경8163,수원지방법원,주거용,기타,경기도 용인시 기흥구 구갈동 681 기흥아이씨티밸리에스케이브이원 비동 22층2210호,587000000,410900000,490000000,2025-08-12,1,5214
2024타경13196,수원지방법원,주거용,"상가,오피스텔,근린시설",경기도 용인시 기흥구 구갈동 681 기흥아이씨티밸리에스케이브이원 비동 24층2407호,589000000,288610000,444000000,2026-02-09,2,5214
2024타경56001,수원지방법원,주거용,상가,경기도 용인시 기흥구 구갈동 681 기흥아이씨티밸리에스케이브이원 비동 24층2404호,580000000,406000000,422010000,2025-04-21,1,5214
2024타경9678,수원지방법원,아파트,아파트,경기도 용인시 기흥구 보라동 660 용인보라효성해링턴플레이스 102동 13층1301호,630000000,441000000,519999000,2025-12-09,2,5228
2024타경12230,수원지방법원,아파트,아파트,경기도 용인시 기흥구 보정동 1169 솔뫼마을현대홈타운 107동 5층501호,850000000,850000000,0,2026-04-17,1,5314
2024타경72409,수원지방법원,아파트,아파트,경기도 용인시 기흥구 보정동 1169 솔뫼마을현대홈타운 102동 5층503호,801000000,560700000,872100000,2026-01-06,1,5314
2023타경85002,수원지방법원,아파트,아파트,경기도 수원시 팔달구 고등동 310 수원역푸르지오자이 116동 12층1206호,767000000,536900000,731800500,2025-06-02,1,5393
2024타경3496,수원지방법원,아파트,아파트,경기도 수원시 팔달구 화서동 769 화서한신더휴 102동 10층1002호,542000000,379400000,420000000,2025-09-16,1,5402
2024타경76036,수원지방법원,아파트,아파트,경기도 용인시 기흥구 보라동 553 민속마을쌍용아파트 102동 14층1404호,352000000,246400000,367899999,2025-04-30,1,5443
2024타경85146,수원지방법원,아파트,아파트,경기도 용인시 기흥구 보라동 553 민속마을쌍용아파트 115동 8층803호,523000000,366100000,395299900,2025-09-15,1,5443
2024타경8774,수원지방법원,아파트,아파트,경기도 용인시 기흥구 마북동 629 삼거마을삼성래미안1차아파트 116동 10층1003호,1100000000,1100000000,0,2025-08-19,1,5469
2024타경7436,수원지방법원,아파트,아파트,경기도 용인시 기흥구 공세동 694 탑실마을대주피오레1단지 103동 9층901호,606000000,424200000,443750000,2025-09-15,1,5544
2024타경8347,수원지방법원,아파트,아파트,경기도 용인시 기흥구 공세동 694 탑실마을대주피오레1단지 107동 12층1202호,544000000,380800000,470000888,2025-09-15,1,5544
2024타경13325,수원지방법원,아파트,아파트,경기도 용인시 기흥구 공세동 694 탑실마을대주피오레1단지 105동 5층501호,613000000,429100000,496999999,2026-01-27,1,5544
2024타경3144,수원지방법원,아파트,오피스텔,경기도 용인시 기흥구 언남동 384-2 까사90 2층204호,317000000,221900000,232100000,2025-09-10,1,5585
2024타경4215,수원지방법원,아파트,아파트,경기도 용인시 기흥구 언남동 384-2 까사90 3층307호,278000000,11218000,0,2026-04-24,10,5585
2024타경11343,수원지방법원,아파트,아파트,경기도 용인시 기흥구 언남동 384-2 까사90 3층309호,221000000,221000000,221000000,2026-01-20,0,5585
2024타경77541,수원지방법원,아파트,아파트,경기도 용인시 기흥구 언남동 384-2 까사90 10층1001호,287000000,140630000,250000000,2025-09-24,2,5585
2024타경79196,수원지방법원,아파트,아파트,경기도 용인시 기흥구 언남동 384-2 까사90 5층509호,219000000,153300000,153300000,2025-07-09,1,5585
2023타경13472,수원지방법원,아파트,다세대,경기도 수원시 팔달구 화서동 184-2 하이안 2층201호,263000000,184100000,276200000,2025-08-28,1,5602
2024타경52795,수원지방법원,아파트,오피스텔,경기도 용인시 기흥구 마북동 314-1 가온누리빌리지 비동 6층603호,327000000,160230000,206170000,2025-09-08,2,5659
2024타경65555,수원지방법원,아파트,다세대,경기도 용인시 기흥구 마북동 314-1 가온누리빌리지 비동 3층303호,282000000,197400000,245300000,2025-05-19,1,5659
2024타경82222,수원지방법원,아파트,"연립주택,다세대,빌라",경기도 용인시 기흥구 마북동 314-1 가온누리빌리지 에이동 2층201호,284000000,198800000,230000000,2025-05-19,1,5659
2024타경75781,수원지방법원,아파트,아파트,경기도 용인시 기흥구 공세동 692 공세 호수마을 공세성원상떼레이크뷰 104동 6층604호,849000000,594300000,675600000,2025-05-20,1,5661
2024타경76593,수원지방법원,아파트,아파트,경기도 용인시 기흥구 공세동 692 공세호수마을공세성원상떼레이크뷰 106동 2층203호,848000000,593600000,641000000,2025-09-26,1,5661
2024타경72706,수원지방법원,아파트,아파트,경기도 용인시 기흥구 보정동 1291 죽전자이2차 1동 3층320호,633000000,443100000,579500000,2025-07-11,1,5753
2024타경5744,수원지방법원,아파트,아파트,경기도 용인시 기흥구 보라동 570 민속마을현대모닝사이드 307동 16층1601호,473000000,331100000,361100000,2025-09-24,1,5778
2024타경9975,수원지방법원,주거용,"상가,오피스텔,근린시설",경기도 용인시 기흥구 공세동 734-6 지1층비07호,367000000,88116000,116163800,2026-01-05,4,5832
2024타경55268,수원지방법원,아파트,아파트,경기도 용인시 기흥구 고매동 674-7 메종블루아 104동 1층102호,678800000,475160000,594888000,2025-08-18,1,5846
2024타경61614,수원지방법원,아파트,아파트,경기도 용인시 기흥구 언남동 500 초원마을성원상떼빌 206동 17층1706호,580000000,406000000,546251000,2025-06-18,1,5874
2024타경63887,수원지방법원,아파트,아파트,경기도 용인시 기흥구 언남동 500 초원마을성원상떼빌 210동 3층301호,710000000,497000000,513520000,2026-01-07,1,5874
2024타경7559,수원지방법원,아파트,아파트,경기도 용인시 기흥구 고매동 674-9 메종블루아 105동 6층601호,800000000,560000000,705888000,2025-09-03,1,5888
2023타경84528,수원지방법원,아파트,아파트,경기도 용인시 기흥구 보라동 558 민속마을신창미션힐아파트 205동 10층1002호,567000000,396900000,0,2026-05-06,2,5919
2024타경54241,수원지방법원,아파트,아파트,경기도 용인시 기흥구 보라동 558 민속마을신창미션힐아파트 204동 4층401호,185500000,185500000,185500000,2025-06-02,1,5919
2024타경61003,수원지방법원,아파트,아파트,경기도 용인시 기흥구 보라동 558 민속마을신창미션힐아파트 202동 20층2002호,483000000,338100000,366900010,2025-04-21,1,5919
2024타경70946,수원지방법원,아파트,아파트,경기도 용인시 기흥구 보라동 558 민속마을신창미션힐아파트 207동 15층1502호,552000000,386400000,404670000,2025-05-23,1,5919
2024타경8248,수원지방법원,아파트,아파트,경기도 용인시 기흥구 고매동 674-3 메종블루아 102동 2층201호,941000000,941000000,0,2026-04-22,0,5953
2024타경74962,수원지방법원,아파트,아파트,경기도 용인시 기흥구 언남동 240-1 동부아파트 103동 16층1603호,511000000,357700000,472000000,2025-10-29,1,6039
2024타경82178,수원지방법원,기타건물,기타,경기도 용인시 기흥구 공세동 290-15,3135000,3135000,4000000,2025-12-10,0,6058
2024타경86217,수원지방법원,아파트,아파트,경기도 용인시 기흥구 구갈동 574 강남마을주공아파트 302동 4층403호,336000000,235200000,300390900,2025-12-09,1,6113
2023타경1684,수원지방법원,아파트,아파트,경기도 용인시 기흥구 구갈동 543 강남마을코오롱하늘채수 101동 3층303호,646000000,452200000,452770000,2025-12-12,1,6209
2024타경13127,수원지방법원,아파트,아파트,경기도 용인시 기흥구 마북동 638 교동마을구성자이3차 104동 5층503호,545000000,545000000,546700000,2026-03-17,0,6214
2023타경71867,수원지방법원,아파트,아파트,경기도 용인시 기흥구 언남동 503 스파팰리스리가 101동 7층704호,715000000,500500000,670000000,2025-11-03,1,6222
2024타경57592,수원지방법원,아파트,아파트,경기도 용인시 기흥구 언남동 503 스파팰리스리가 101동 20층2002호,1660000000,1660000000,0,2026-04-21,1,6222
2023타경85590,수원지방법원,아파트,아파트,경기도 용인시 기흥구 언남동 486 하마비마을동일하이빌1차아파트 109동 17층1703호,690000000,483000000,572572001,2025-07-08,1,6239
2024타경5911,수원지방법원,아파트,아파트,경기도 용인시 기흥구 공세동 714 탑실마을대주피오레2단지 210동 9층903호,560000000,392000000,472222223,2025-05-19,1,6328
2024타경6846,수원지방법원,아파트,아파트,경기도 용인시 기흥구 공세동 714 탑실마을대주피오레2단지 206동 14층1405호,676000000,473200000,521000000,2025-06-02,1,6328
2024타경67650,수원지방법원,아파트,아파트,경기도 용인시 기흥구 공세동 714 탑실마을대주피오레2단지 202동 8층805호,560000000,392000000,0,2025-05-30,1,6328
2024타경72577,수원지방법원,아파트,아파트,경기도 용인시 기흥구 공세동 714 탑실마을대주피오레2단지 202동 7층701호,554000000,387800000,471111111,2025-04-30,1,6328
2023타경73627,수원지방법원,아파트,아파트,경기도 용인시 기흥구 보정동 1162 행원마을동아솔레시티아파트 133동 18층1801호,733000000,733000000,0,2026-04-10,1,6399
2024타경4666,수원지방법원,아파트,아파트,경기도 용인시 기흥구 보정동 1162 행원마을동아솔레시티아파트 105동 3층302호,934000000,653800000,795990001,2025-05-28,1,6399
2024타경6488,수원지방법원,아파트,아파트,경기도 용인시 기흥구 보정동 1162 행원마을동아솔레시티아파트 133동 6층601호,1660000000,1162000000,1301300000,2025-04-21,1,6399
2024타경12834,수원지방법원,아파트,아파트,경기도 용인시 기흥구 보정동 1162 행원마을동아솔레시티아파트 131동 19층1902호,1330000000,1330000000,0,2026-04-29,0,6399
2024타경13585,수원지방법원,아파트,아파트,경기도 용인시 기흥구 언남동 496 하마비마을동일하이빌2차아파트 201동 10층1002호,575000000,575000000,0,2026-04-20,1,6412
2024타경770,수원지방법원,아파트,다세대,경기도 용인시 기흥구 고매동 365-10 고매동365-10공동주택 1동 1층101호,264000000,2557000,0,2026-04-14,14,6475
2024타경61843,수원지방법원,아파트,아파트,경기도 용인시 기흥구 언남동 490 언동마을아파트 106동 6층604호,524000000,366800000,405800000,2025-07-08,1,6545
2024타경64118,수원지방법원,아파트,아파트,경기도 용인시 기흥구 언남동 490 언동마을아파트 109동 8층802호,525000000,367500000,400000000,2025-09-02,1,6545
2024타경73464,수원지방법원,기타건물,기타,경기도 용인시 기흥구 마북동 181-9,380680000,91401000,0,2026-04-21,5,6648
2024타경80899,수원지방법원,아파트,연립주택,경기도 용인시 기흥구 언남동 119-3 동원베네스트 언남타운하우스 2동 3층301호,667000000,326830000,459000000,2026-02-06,2,6684
2024타경6785,수원지방법원,아파트,다세대,경기도 용인시 기흥구 고매동 352-72 매화향기가 2동 2층202호,148000000,103600000,115590000,2026-02-09,1,6711
2024타경64194,수원지방법원,아파트,아파트,경기도 용인시 기흥구 보정동 1271 죽현마을 동원로얄듀크 313동 2층202호,993000000,695100000,876599999,2025-08-19,1,6811
2024타경82543,수원지방법원,아파트,아파트,경기도 용인시 기흥구 보정동 1271 죽현마을 동원로얄듀크 311동 14층1402호,1250000000,875000000,1337500009,2025-10-14,1,6811
2024타경57929,수원지방법원,아파트,아파트,경기도 용인시 기흥구 마북동 617 교동마을엘지자이아파트 103동 1층101호,469000000,328300000,354200000,2025-07-02,1,6844
2024타경83119,수원지방법원,아파트,아파트,경기도 용인시 기흥구 고매동 880 매화마을우림홀인원아파트 205동 5층503호,341000000,238700000,280000000,2025-09-01,1,6852
2024타경67537,수원지방법원,아파트,"연립주택,다세대,빌라",경기도 용인시 기흥구 언남동 92-1 용인구성효성빌라 106동 1층101호,495000000,495000000,521999999,2025-11-11,0,6862
2024타경64910,수원지방법원,아파트,아파트,경기도 용인시 기흥구 상하동 630 강남마을한라비발디 906동 23층2306호,415000000,290500000,385000000,2025-08-22,1,6866
2024타경71765,수원지방법원,아파트,아파트,경기도 용인시 기흥구 상하동 630 강남마을한라비발디 901동 9층903호,511000000,357700000,423000000,2025-06-02,1,6866
2024타경62761,수원지방법원,아파트,아파트,경기도 용인시 기흥구 마북동 621 교동마을쌍용아파트 105동 9층902호,530000000,371000000,439000000,2025-04-21,1,6907
2024타경10135,수원지방법원,아파트,아파트,경기도 용인시 기흥구 상하동 659 지석마을 진흥더루벤스 104동 2층202호,513000000,359100000,440300000,2025-10-22,1,6933
2024타경84280,수원지방법원,기타건물,임야,경기도 용인시 기흥구 고매동 263-23,2640000000,1293600000,1946100000,2025-06-20,2,6976
2024타경65531,수원지방법원,아파트,아파트,경기도 용인시 기흥구 마북동 143 교동마을신창아파트 102동 9층913호,329000000,230300000,281999999,2025-08-19,1,6988
2024타경2271,수원지방법원,기타건물,전답,경기도 용인시 기흥구 상하동 439,1187120000,199518000,251000000,2025-07-14,5,7046
2022타경9292,수원지방법원,아파트,아파트,경기도 용인시 기흥구 상하동 447 풍림아파트 104동 9층902호,297000000,207900000,297900000,2025-05-13,1,7069
2024타경183,수원지방법원,아파트,아파트,경기도 용인시 기흥구 보정동 1258 죽현마을엘지자이 102동 5층501호,1300000000,910000000,1169999999,2026-04-07,1,7073
2024타경82895,수원지방법원,아파트,아파트,경기도 용인시 기흥구 상하동 621 수원동마을쌍용아파트 318동 6층602호,441000000,308700000,371219000,2025-06-27,1,7158
2024타경6303,수원지방법원,주거용,"상가,오피스텔,근린시설",경기도 용인시 기흥구 보정동 1179 죽전신세계쉐덴 15층비-1501호,845000000,591500000,696900000,2025-06-23,0,7168
2024타경65647,수원지방법원,아파트,아파트,경기도 용인시 기흥구 상하동 296 대우아파트 102동 6층603호,297000000,207900000,285999000,2025-05-19,1,7262
2024타경76630,수원지방법원,아파트,아파트,경기도 용인시 기흥구 상하동 296 대우아파트 102동 13층1302호,305000000,213500000,305000000,2025-10-29,1,7262
2024타경12384,수원지방법원,아파트,아파트,경기도 용인시 기흥구 상하동 652 수원동마을쌍용스윗닷홈 203동 20층2004호,399000000,279300000,321000000,2025-11-24,1,7386
2023타경2977,수원지방법원,아파트,다세대,경기도 용인시 기흥구 상하동 217-13 104동 4층402호,238000000,6723000,0,2026-05-06,17,7388
2024타경8521,수원지방법원,아파트,"연립주택,다세대,빌라",경기도 용인시 기흥구 중동 665-8 강남스타빌 302동 4층402호,385000000,385000000,0,2026-04-20,0,7391
2024타경10456,수원지방법원,아파트,"연립주택,다세대,빌라",경기도 용인시 기흥구 중동 665-8 강남스타빌 302동 1층103호,230000000,112700000,146005879,2025-09-29,2,7391
2023타경7606,수원지방법원,아파트,다세대,경기도 용인시 기흥구 중동 665-25 강남스타빌 비동 5층503호,257000000,5081000,6040000,2025-09-17,12,7394
2023타경12844,수원지방법원,아파트,오피스텔,경기도 용인시 기흥구 중동 1109-11 2층201호,257000000,125930000,147200000,2025-06-02,2,7422
2023타경10985,수원지방법원,아파트,아파트,경기도 용인시 기흥구 중동 1126 동백광명샤인빌 8층818호,92000000,3712240,4200000,2025-08-29,9,7468
2024타경50201,수원지방법원,아파트,아파트,경기도 용인시 기흥구 중동 1126 동백광명샤인빌 2층201호,87000000,29841000,29841000,2025-08-25,3,7468
2024타경85849,수원지방법원,아파트,"상가,오피스텔,근린시설",경기도 용인시 기흥구 중동 1126 동백광명샤인빌 3층316호,82000000,28126000,28126000,2025-09-05,3,7468
2024타경14007,수원지방법원,아파트,"연립주택,다세대,빌라",경기도 용인시 기흥구 보정동 1229 죽전극동스타클래스3차 301동 1층102호,1320000000,924000000,982222222,2026-04-01,1,7480
2023타경69949,수원지방법원,아파트,아파트,경기도 용인시 기흥구 상하동 137 인정프린스아파트 103동 2층204호,265000000,185500000,246420000,2025-09-23,1,7506
2024타경80080,수원지방법원,아파트,아파트,경기도 용인시 기흥구 상하동 137 인정프린스아파트 101동 15층1502호,218000000,152600000,192150000,2025-06-23,1,7506
2024타경79776,수원지방법원,아파트,아파트,경기도 용인시 기흥구 중동 817 어정마을서희삼정아파트 102동 10층1002호,372000000,260400000,338966400,2025-07-16,1,7565
2024타경71895,수원지방법원,아파트,아파트,경기도 용인시 기흥구 중동 1081 신동백 아이파크 102동 3층304호,596000000,417200000,546200000,2025-05-16,1,7575
2024타경74993,수원지방법원,기타건물,대지,경기도 용인시 기흥구 중동 665-12,1982586000,1982586000,0,2026-05-19,1,7584
2024타경56407,수원지방법원,아파트,아파트,경기도 용인시 기흥구 중동 1096 신동백롯데캐슬에코1단지 103동 15층1501호,685000000,479500000,602809000,2025-04-21,1,7625
2024타경70779,수원지방법원,기타건물,전답,경기도 용인시 기흥구 청덕동 202-2,1738370000,851801000,932100000,2025-09-22,2,7714
2024타경71178,수원지방법원,기타건물,전답,경기도 용인시 기흥구 청덕동 200-2,2188380000,1072306000,1081757000,2026-01-05,2,7744
2024타경78353,수원지방법원,아파트,아파트,경기도 용인시 기흥구 청덕동 482 청덕마을광도와이드빌 105동 11층1106호,346000000,242200000,297425000,2026-04-01,1,7746
2024타경70489,수원지방법원,아파트,아파트,경기도 용인시 기흥구 중동 1101 어정마을롯데캐슬에코2단지 202동 10층1001호,600000000,420000000,557410000,2025-11-07,1,7858
2024타경53699,수원지방법원,주거용,상가,경기도 용인시 기흥구 중동 846-2 용인동백역현성더테라스 1층102호,1915000000,1915000000,0,2026-04-15,1,8007
2024타경53736,수원지방법원,주거용,근린시설,경기도 용인시 기흥구 중동 846-2 용인동백역현성더테라스 2층201호,907000000,311101000,331101000,2025-12-22,3,8007
2024타경54180,수원지방법원,주거용,"상가,오피스텔,근린시설",경기도 용인시 기흥구 중동 846-2 용인동백역현성더테라스 1층105호,832000000,832000000,0,2026-04-17,1,8007
2024타경6426,수원지방법원,아파트,아파트,경기도 용인시 기흥구 동백동 694 용인동백두산위브더제니스 103동 6층603호,623000000,436100000,587999999,2025-06-02,1,8067
2022타경56861,수원지방법원,주거용,근린시설,경기도 용인시 기흥구 청덕동 556 용인테크노밸리지식산업센터 3층에이310호,980720000,686504000,0,2026-04-14,4,8074
2021타경72378,수원지방법원,주거용,상가,경기도 용인시 기흥구 중동 833 쥬네브썬월드 3층3011호,69000000,16566900,16610000,2025-12-10,4,8130
2024타경78575,수원지방법원,아파트,아파트,경기도 용인시 기흥구 중동 819 동백역 월드메르디앙 101동 14층1406호,439000000,307300000,409007878,2025-08-12,1,8325
2024타경6723,수원지방법원,아파트,아파트,경기도 용인시 기흥구 동백동 604 호수마을계룡리슈빌 1401동 2층202호,417000000,291900000,396990000,2025-05-20,1,8483
2023타경64982,수원지방법원,아파트,아파트,경기도 용인시 기흥구 중동 958 어은목마을대원칸타빌아파트 4103동 5층503호,600000000,420000000,581373700,2025-06-04,0,8544
2024타경62365,수원지방법원,아파트,아파트,경기도 용인시 기흥구 청덕동 488 휴먼시아물푸레마을 304동 2층202호,397000000,277900000,347666000,2025-08-19,1,8564
2024타경75217,수원지방법원,아파트,아파트,경기도 용인시 기흥구 청덕동 488 휴먼시아물푸레마을 332동 10층1003호,413000000,289100000,369810000,2025-11-28,1,8564
2024타경78735,수원지방법원,아파트,아파트,경기도 용인시 기흥구 청덕동 488 휴먼시아물푸레마을 331동 11층1103호,417000000,291900000,358620000,2025-07-09,1,8564
2024타경11305,수원지방법원,아파트,아파트,경기도 용인시 기흥구 중동 878 백현마을상록롯데캐슬 2002동 2층201호,490000000,343000000,470999000,2025-09-15,1,8624
2024타경74818,수원지방법원,아파트,아파트,경기도 용인시 기흥구 청덕동 567 용인구성 호반베르디움 물푸레마을 805동 3층301호,589000000,412300000,489000000,2025-11-12,1,8640
2024타경60352,수원지방법원,아파트,연립주택,경기도 용인시 기흥구 중동 38-6 블레싱타워 2층204호,298000000,12025000,12025000,2025-12-05,9,8779
2024타경54975,수원지방법원,기타건물,대지,경기도 용인시 기흥구 중동 930-5,609827000,426878000,467777777,2025-06-27,1,8849
2024타경86613,수원지방법원,기타건물,전답,경기도 용인시 기흥구 청덕동 18,1170532000,573560000,831900000,2025-07-22,2,8932
2024타경53781,수원지방법원,기타건물,임야,경기도 용인시 기흥구 중동 31-38,280809900,137596000,205050000,2025-05-23,2,8951
2024타경6457,수원지방법원,기타건물,임야,경기도 용인시 기흥구 동백동 382-17,8075290000,2769824000,0,2026-04-21,4,8969
2024타경77183,수원지방법원,주거용,기타,경기도 용인시 기흥구 고매동 5-56 코리아골프빌리지기흥아펠바움콘도미니엄 113동 3층202호,1122000000,785400000,998880000,2025-10-17,1,8983
2024타경7818,수원지방법원,아파트,단독주택,경기도 용인시 기흥구 중동 1006 동백라폴리움1단지 107동 1호,1770000000,1239000000,0,2026-05-11,2,8991
2024타경75408,수원지방법원,아파트,아파트,경기도 용인시 기흥구 동백동 583 백현마을경남아너스빌 2805동 2층201호,443000000,310100000,357000000,2025-08-13,1,9350
2024타경78483,수원지방법원,아파트,"연립주택,다세대,빌라",경기도 용인시 기흥구 동백동 583 백현마을경남아너스빌 2801동 11층1103호,437000000,305900000,401890000,2025-12-19,1,9350
2024타경81533,수원지방법원,아파트,아파트,경기도 용인시 기흥구 동백동 583 백현마을경남아너스빌 2805동 8층801호,433000000,303100000,390010000,2025-09-17,1,9350
2024타경76418,수원지방법원,아파트,"연립주택,다세대,빌라","경기도 용인시 기흥구 동백동 84-19 향린빌라 1동 2,3층201호",613000000,300370000,357000000,2025-12-15,2,9511
2024타경62310,수원지방법원,아파트,연립주택,경기도 용인시 기흥구 동백동 81-85 향린빌라 1층이형102호,601000000,294490000,402000000,2025-04-25,2,9545
2024타경83225,수원지방법원,아파트,단독주택다가구,경기도 용인시 기흥구 동백동 37-18 동백동단독주택12동,664457200,465120000,520010000,2025-05-19,1,9594
2024타경13332,수원지방법원,기타건물,단독주택다가구,경기도 용인시 기흥구 동백동 75-268,1274785600,1274785600,0,2026-04-17,1,10050
2024타경72058,수원지방법원,기타건물,임야,경기도 용인시 기흥구 동백동 산22-1,1015623000,170696000,198765432,2025-11-28,5,10075
2024타경59062,수원지방법원,기타건물,임야,경기도 용인시 기흥구 동백동 산11-3,1000924000,240321000,253757000,2025-12-05,4,10113
